timestamp_ms,qw,qx,qy,qz,flex_thumb,flex_upper_index,flex_lower_index,flex_upper_middle,flex_lower_middle
1,0.9997,0.0067,-0.0211,-0.0097,1.0,0.0,0.0,0.0,0.015
124,0.9997,0.006,-0.0212,-0.0098,1.0,0.0,0.0,0.0,0.009
252,0.9997,0.0058,-0.0214,-0.0098,1.0,0.0,0.0,0.0,0.04
377,0.9997,0.0063,-0.0212,-0.0103,1.0,0.0,0.0,0.0,0.0
504,0.9997,0.0065,-0.0212,-0.0102,1.0,0.0,0.0,0.0,0.019
631,0.9997,0.0059,-0.0212,-0.0102,1.0,0.0,0.0,0.0,0.037
753,0.9997,0.0057,-0.0214,-0.0102,1.0,0.0,0.0,0.0,0.0
876,0.9997,0.0054,-0.0216,-0.0103,1.0,0.0,0.0,0.0,0.012
1003,0.9997,0.0052,-0.0216,-0.0103,1.0,0.0,0.0,0.0,0.022
1130,0.9997,0.0056,-0.0215,-0.0103,1.0,0.0,0.0,0.0,0.02
1253,0.9997,0.0055,-0.0215,-0.0103,1.0,0.0,0.0,0.0,0.0
1379,0.9997,0.0051,-0.0217,-0.0103,1.0,0.0,0.0,0.0,0.012
1501,0.9997,0.0052,-0.0215,-0.0102,1.0,0.0,0.0,0.0,0.019
1625,0.9997,0.0052,-0.0215,-0.0102,1.0,0.0,0.0,0.0,0.006
1748,0.9997,0.0051,-0.0216,-0.0102,1.0,0.0,0.0,0.0,0.115
1873,0.9997,0.0046,-0.0217,-0.0102,1.0,0.038,0.084,0.273,0.268
1998,0.9997,0.0043,-0.0219,-0.0103,1.0,0.329,0.216,0.815,0.489
2122,0.9997,0.004,-0.0219,-0.0103,1.0,0.672,0.202,1.0,0.483
2250,0.9997,0.0038,-0.022,-0.0103,1.0,0.814,0.187,1.0,0.443
2378,0.9997,0.004,-0.0219,-0.0103,1.0,0.819,0.304,1.0,0.489
2501,0.9997,0.0042,-0.0219,-0.0103,1.0,0.746,0.573,1.0,0.604
2630,0.9997,0.0042,-0.0218,-0.0103,1.0,0.92,0.755,1.0,0.746
2756,0.9997,0.0042,-0.0217,-0.0103,1.0,0.92,0.846,1.0,1.0
2879,0.9997,0.003,-0.0222,-0.0103,1.0,0.903,0.823,1.0,0.777
3006,0.9997,0.0023,-0.0224,-0.0103,1.0,0.867,0.798,1.0,0.777
3130,0.9997,0.0023,-0.0224,-0.0103,1.0,0.878,0.795,1.0,0.751
3256,0.9997,0.0018,-0.0223,-0.0103,1.0,0.861,0.818,1.0,0.74
3380,0.9997,0.0013,-0.0225,-0.0103,1.0,0.842,0.82,1.0,0.76
3509,0.9997,0.0019,-0.0222,-0.0103,1.0,0.881,0.827,1.0,0.759
3630,0.9997,0.0013,-0.0223,-0.0102,1.0,0.85,0.716,0.857,0.737
3755,0.9997,0.0015,-0.0223,-0.0102,1.0,0.868,0.764,1.0,0.737
3880,0.9997,0.0018,-0.0221,-0.0102,1.0,0.832,0.743,1.0,0.759
4007,0.9997,0.0021,-0.0219,-0.0102,1.0,0.808,0.789,1.0,0.734
4130,0.9997,0.0025,-0.0218,-0.0102,1.0,0.826,0.755,1.0,0.841
4254,0.9997,0.0013,-0.0221,-0.0103,1.0,0.831,0.795,1.0,0.621
4377,0.9997,0.0005,-0.0223,-0.0102,1.0,0.831,0.734,1.0,0.741
4504,0.9997,-0.0002,-0.0225,-0.0103,1.0,0.805,0.762,1.0,0.728
4629,0.9997,-0.001,-0.0228,-0.0103,1.0,0.87,0.773,1.0,0.729
4755,0.9997,-0.0004,-0.0225,-0.0103,1.0,0.912,0.72,1.0,0.704
4879,0.9997,-0.0007,-0.0226,-0.0103,1.0,0.842,0.42,1.0,0.557
5003,0.9997,0.0004,-0.0222,-0.0102,1.0,0.723,0.059,1.0,0.212
5127,0.9997,0.0005,-0.0222,-0.0103,1.0,0.45,0.0,0.982,0.011
5260,0.9997,0.0003,-0.0223,-0.0102,1.0,0.172,0.0,0.466,0.0
5376,0.9997,0.0008,-0.0222,-0.0103,1.0,0.0,0.0,1.0,0.0
5504,0.9997,0.0018,-0.0217,-0.0102,1.0,0.0,0.0,0.0,0.0
5627,0.9997,0.0026,-0.0214,-0.0103,1.0,0.0,0.0,0.0,0.0
5752,0.9997,0.0034,-0.0212,-0.0103,1.0,0.0,0.0,0.0,0.0
5875,0.9997,0.0041,-0.0212,-0.0103,1.0,0.0,0.0,0.0,0.0
6000,0.9997,0.0043,-0.0213,-0.0103,1.0,0.0,0.0,0.0,0.0
6124,0.9997,0.0041,-0.0214,-0.0103,1.0,0.0,0.0,0.0,0.0
6252,0.9997,0.004,-0.0214,-0.0103,1.0,0.0,0.0,0.0,0.0
6380,0.9997,0.0042,-0.0214,-0.0103,1.0,0.0,0.0,0.0,0.0
6503,0.9997,0.0041,-0.0214,-0.0103,1.0,0.0,0.0,0.018,0.0
6630,0.9997,0.0036,-0.0215,-0.0103,1.0,0.0,0.0,0.234,0.0
6753,0.9997,0.0035,-0.0216,-0.0103,1.0,0.0,0.023,0.378,0.102
6878,0.9997,0.0031,-0.0218,-0.0103,1.0,0.12,0.1,0.76,0.246
7003,0.9997,0.0032,-0.0217,-0.0103,1.0,0.399,0.157,1.0,0.317
7129,0.9997,0.0034,-0.0216,-0.0103,1.0,0.626,0.477,1.0,0.458
7252,0.9997,0.0034,-0.0217,-0.0103,1.0,0.707,0.252,1.0,0.502
7378,0.9997,0.0034,-0.0216,-0.0103,1.0,1.0,0.223,1.0,0.44
7502,0.9997,0.0035,-0.0216,-0.0103,1.0,0.849,0.393,1.0,0.498
7629,0.9997,0.0035,-0.0216,-0.0103,1.0,0.875,0.614,1.0,0.635
7756,0.9997,0.0035,-0.0217,-0.0103,1.0,0.908,0.73,1.0,0.656
7880,0.9997,0.0035,-0.0217,-0.0103,1.0,0.867,0.734,1.0,0.737
8008,0.9997,0.0029,-0.0217,-0.0103,1.0,0.864,0.738,1.0,0.752
8131,0.9997,0.0023,-0.0219,-0.0103,1.0,0.889,0.818,1.0,0.811
8256,0.9997,0.0013,-0.0222,-0.0103,1.0,0.889,0.852,1.0,0.788
8384,0.9997,0.0009,-0.0224,-0.0104,1.0,0.836,0.802,1.0,0.822
8508,0.9997,0.0011,-0.0224,-0.0103,1.0,0.889,0.816,1.0,0.74
8635,0.9997,0.0014,-0.0223,-0.0103,1.0,0.847,0.28,1.0,0.749
8758,0.9997,0.0017,-0.022,-0.0103,1.0,0.864,0.743,1.0,0.783
8885,0.9997,0.0024,-0.0217,-0.0102,1.0,0.761,0.784,1.0,0.797
9009,0.9997,0.0027,-0.0215,-0.0102,1.0,0.965,0.823,1.0,0.579
9136,0.9997,0.002,-0.0218,-0.0103,1.0,0.819,0.83,1.0,0.808
9264,0.9997,-0.0021,-0.0232,-0.0103,1.0,0.828,0.841,1.0,0.839
9388,0.9997,-0.0018,-0.0231,-0.0103,1.0,0.829,0.848,1.0,0.779
9516,0.9997,-0.0015,-0.023,-0.0103,1.0,0.763,0.845,1.0,0.828
9643,0.9997,-0.0009,-0.0228,-0.0103,1.0,0.831,0.823,1.0,0.892
9768,0.9997,-0.0007,-0.0228,-0.0104,1.0,1.0,0.816,1.0,0.786
9893,0.9997,-0.0004,-0.0228,-0.0104,1.0,0.836,0.823,1.0,0.81
10018,0.9997,-0.0002,-0.0228,-0.0104,1.0,0.814,0.82,1.0,0.799
10144,0.9997,0.0007,-0.0225,-0.0104,1.0,0.819,0.786,1.0,0.789
10267,0.9997,0.0011,-0.0224,-0.0104,1.0,0.786,0.764,1.0,0.759
10392,0.9997,0.001,-0.0223,-0.0104,1.0,0.634,0.752,1.0,0.746
10517,0.9997,0.0012,-0.0223,-0.0104,1.0,0.906,0.741,1.0,0.785
10641,0.9997,0.0011,-0.0223,-0.0104,1.0,0.838,0.614,1.0,0.684
10763,0.9997,0.0013,-0.0222,-0.0104,1.0,0.685,0.162,1.0,0.316
10887,0.9997,0.0015,-0.022,-0.0104,1.0,0.406,0.05,0.977,0.111
11011,0.9997,0.0023,-0.0217,-0.0104,1.0,0.196,0.025,0.523,0.012
11134,0.9997,0.0027,-0.0215,-0.0104,1.0,0.046,0.0,0.253,0.0
11261,0.9997,0.0029,-0.0215,-0.0104,1.0,0.0,0.0,0.057,0.0
11385,0.9997,0.0035,-0.0214,-0.0105,1.0,0.0,0.0,0.0,0.0
11510,0.9997,0.0038,-0.0213,-0.0104,1.0,0.0,0.0,0.0,0.0
11635,0.9997,0.0046,-0.0212,-0.0104,1.0,0.0,0.0,0.0,0.0
11759,0.9997,0.0062,-0.0209,-0.0127,1.0,0.0,0.0,0.0,0.0
11882,0.9996,0.0063,-0.0209,-0.0157,1.0,0.0,0.0,0.0,0.0
12008,0.9996,0.0063,-0.021,-0.0178,1.0,0.0,0.0,0.0,0.0
12131,0.9996,0.0064,-0.0211,-0.019,1.0,0.0,0.0,0.0,0.0
12253,0.9996,0.0062,-0.0212,-0.019,1.0,0.0,0.0,0.0,0.0
12378,0.9996,0.006,-0.0213,-0.019,1.0,0.0,0.0,0.0,0.0
12500,0.9996,0.006,-0.0214,-0.019,1.0,0.0,0.002,0.0,0.0
12628,0.9996,0.0058,-0.0214,-0.019,1.0,0.0,0.0,0.0,0.0
12756,0.9996,0.0054,-0.0215,-0.0189,1.0,0.0,0.0,0.0,0.0
12881,0.9996,0.0046,-0.0217,-0.0189,1.0,0.0,0.0,0.26,0.0
13008,0.9996,0.0042,-0.0219,-0.019,1.0,0.106,0.021,0.607,0.0
13137,0.9996,0.0043,-0.0218,-0.019,1.0,0.45,0.202,1.0,0.328
13261,0.9996,0.0038,-0.0219,-0.0189,1.0,0.696,0.334,1.0,0.461
13386,0.9996,0.0034,-0.022,-0.0189,1.0,0.748,0.645,1.0,0.709
13509,0.9996,0.0032,-0.0221,-0.0189,1.0,0.737,0.745,1.0,0.752
13635,0.9996,0.0014,-0.0227,-0.019,1.0,0.643,0.566,1.0,0.579
13759,0.9996,0.0031,-0.022,-0.019,1.0,0.12,0.195,0.745,0.226
13886,0.9996,0.0034,-0.0219,-0.019,1.0,0.0,0.0,0.0,0.0
14009,0.9996,0.0031,-0.0221,-0.019,1.0,0.0,0.0,0.0,0.0
14136,0.9996,0.004,-0.0217,-0.019,1.0,0.06,0.023,0.362,0.146
14259,0.9996,0.0044,-0.0217,-0.0189,1.0,0.472,0.159,1.0,0.31
14386,0.9996,0.0037,-0.0217,-0.019,1.0,0.78,0.07,1.0,0.204
14513,0.9996,0.0027,-0.022,-0.0189,1.0,0.829,0.498,1.0,0.457
14637,0.9996,0.0029,-0.022,-0.0189,1.0,0.875,0.734,1.0,0.854
14763,0.9996,0.0018,-0.0222,-0.019,1.0,0.84,0.587,1.0,0.656
14886,0.9996,0.002,-0.0221,-0.019,1.0,0.619,0.223,1.0,0.35
15015,0.9996,0.0021,-0.022,-0.019,1.0,0.085,0.059,0.466,0.0
15138,0.9996,0.0022,-0.0219,-0.019,1.0,0.0,0.0,0.0,0.0
15263,0.9996,0.0034,-0.0215,-0.019,1.0,0.0,0.0,0.0,0.0
15387,0.9996,0.0035,-0.0215,-0.0189,1.0,0.454,0.013,0.557,0.006
15511,0.9996,0.0027,-0.0219,-0.0189,1.0,0.716,0.109,1.0,0.161
15635,0.9996,0.0027,-0.0219,-0.019,1.0,0.763,0.168,1.0,0.241
15763,0.9996,0.0018,-0.0222,-0.019,1.0,0.868,0.623,1.0,0.604
15888,0.9996,0.0026,-0.022,-0.019,1.0,0.905,0.757,1.0,0.715
16012,0.9996,0.002,-0.022,-0.019,1.0,0.943,0.788,1.0,0.622
16135,0.9996,0.0019,-0.0221,-0.019,1.0,0.898,0.623,1.0,0.582
16260,0.9996,0.0024,-0.0219,-0.019,1.0,0.534,0.363,1.0,0.401
16383,0.9996,0.0029,-0.0217,-0.019,1.0,0.12,0.052,0.771,0.142
16509,0.9996,0.0037,-0.0216,-0.019,1.0,0.0,0.0,0.312,0.0
16633,0.9996,0.0032,-0.0217,-0.019,1.0,0.0,0.0,0.102,0.0
16761,0.9996,0.0026,-0.0219,-0.019,1.0,0.0,0.0,0.0,0.0
16887,0.9996,0.0035,-0.0216,-0.019,1.0,0.0,0.0,0.0,0.0
17010,0.9996,0.0042,-0.0214,-0.019,1.0,0.0,0.0,0.0,0.0
17134,0.9996,0.0035,-0.0216,-0.0191,1.0,0.0,0.0,0.0,0.0
17258,0.9996,0.0033,-0.0217,-0.0191,1.0,0.0,0.0,0.0,0.0
17382,0.9996,0.0035,-0.0217,-0.019,1.0,0.0,0.0,0.0,0.0
17509,0.9996,0.004,-0.0216,-0.0191,1.0,0.0,0.0,0.0,0.0
17637,0.9996,0.0037,-0.0216,-0.019,1.0,0.0,0.041,0.0,0.0
17762,0.9996,0.0037,-0.0217,-0.019,1.0,0.0,0.0,0.0,0.0
17886,0.9996,0.0037,-0.0217,-0.019,1.0,0.0,0.0,0.0,0.0
18011,0.9996,0.0037,-0.0218,-0.019,1.0,0.0,0.0,0.0,0.0
18137,0.9996,0.0037,-0.0219,-0.019,1.0,0.0,0.0,0.0,0.0
18259,0.9996,0.0037,-0.0219,-0.019,1.0,0.0,0.0,0.0,0.0
18386,0.9996,0.0037,-0.0219,-0.019,1.0,0.0,0.0,0.0,0.0
18509,0.9996,0.0037,-0.0218,-0.019,1.0,0.0,0.0,0.0,0.0
18636,0.9996,0.0037,-0.0218,-0.019,1.0,0.0,0.0,0.143,0.0
18758,0.9996,0.0038,-0.0218,-0.019,1.0,0.059,0.0,0.635,0.0
18886,0.9996,0.0038,-0.0218,-0.019,1.0,0.539,0.138,1.0,0.235
19010,0.9996,0.0036,-0.0219,-0.019,1.0,0.752,0.155,1.0,0.254
19137,0.9996,0.0034,-0.0219,-0.019,1.0,0.847,0.243,1.0,0.302
19263,0.9996,0.0031,-0.0219,-0.0191,1.0,0.846,0.28,1.0,0.777
19386,0.9996,0.0029,-0.022,-0.0191,1.0,0.863,0.539,1.0,0.684
19509,0.9996,0.0037,-0.0217,-0.0191,1.0,0.916,0.68,0.883,0.738
19634,0.9996,0.0045,-0.0216,-0.0191,1.0,0.933,0.698,1.0,0.738
19759,0.9996,0.0048,-0.0215,-0.0192,1.0,0.87,0.711,1.0,0.709
19883,0.9996,0.0037,-0.0219,-0.0191,1.0,0.959,0.618,1.0,0.698
20005,0.9996,0.004,-0.0219,-0.0192,1.0,0.922,0.552,1.0,0.59
20132,0.9996,0.0033,-0.0222,-0.0192,1.0,0.728,0.327,1.0,0.426
20255,0.9996,0.0031,-0.0223,-0.0192,1.0,0.388,0.138,0.935,0.184
20384,0.9996,0.0033,-0.0222,-0.0192,1.0,0.046,0.0,0.182,0.0
20510,0.9996,0.0037,-0.0221,-0.0191,1.0,0.0,0.0,0.018,0.0
20634,0.9996,0.005,-0.0217,-0.0191,1.0,0.0,0.0,0.0,0.0
20762,0.9996,0.0051,-0.0217,-0.0192,1.0,0.0,0.0,0.0,0.0
20886,0.9996,0.0049,-0.0218,-0.0197,1.0,0.0,0.0,0.0,0.0
21010,0.9996,0.0049,-0.0219,-0.02,1.0,0.0,0.0,0.0,0.0
21135,0.9996,0.0049,-0.0219,-0.02,1.0,0.032,0.0,0.055,0.0
21263,0.9996,0.0046,-0.0219,-0.02,1.0,0.279,0.0,0.466,0.0
21390,0.9996,0.0042,-0.022,-0.02,1.0,0.657,0.039,1.0,0.426
21514,0.9996,0.004,-0.022,-0.02,1.0,0.8,0.241,1.0,0.387
21639,0.9996,0.0034,-0.0222,-0.0201,1.0,0.873,0.589,1.0,0.693
21762,0.9996,0.0034,-0.0221,-0.0201,1.0,0.909,0.687,1.0,0.69
21890,0.9996,0.0035,-0.022,-0.02,1.0,0.898,0.659,1.0,0.704
22014,0.9996,0.0029,-0.0221,-0.02,1.0,0.836,0.38,1.0,0.635
22139,0.9996,0.0027,-0.022,-0.02,1.0,0.814,0.63,1.0,0.646
22263,0.9996,0.0016,-0.0223,-0.02,1.0,0.79,0.37,1.0,0.523
22390,0.9996,0.0012,-0.0223,-0.0201,1.0,0.623,0.162,1.0,0.303
22517,0.9996,0.0018,-0.022,-0.02,1.0,0.325,0.066,0.857,0.13
22641,0.9996,0.0022,-0.0217,-0.02,1.0,0.102,0.0,0.297,0.0
22767,0.9996,0.0021,-0.0217,-0.0201,1.0,0.0,0.0,0.57,0.0
22892,0.9996,0.0016,-0.022,-0.0201,1.0,0.0,0.0,0.06,0.0
23017,0.9996,0.002,-0.0218,-0.0201,1.0,0.0,0.0,0.013,0.0
23142,0.9996,0.0018,-0.0219,-0.0201,1.0,0.0,0.0,0.0,0.0
23267,0.9996,0.0022,-0.0218,-0.0201,1.0,0.0,0.0,0.0,0.0
23388,0.9996,0.0021,-0.0217,-0.02,1.0,0.0,0.0,0.0,0.0
23515,0.9996,0.0026,-0.0217,-0.02,1.0,0.0,0.0,0.065,0.0
23638,0.9996,0.0024,-0.0218,-0.0201,1.0,0.224,0.138,0.529,0.067
23768,0.9996,0.0023,-0.0219,-0.0201,1.0,0.529,0.246,1.0,0.438
23896,0.9996,0.0024,-0.0219,-0.0201,1.0,0.704,0.264,1.0,0.362
24020,0.9996,0.0026,-0.0219,-0.0201,1.0,0.803,0.396,1.0,0.427
24147,0.9996,0.003,-0.0217,-0.0201,1.0,0.884,0.712,1.0,0.695
24270,0.9996,0.0034,-0.0215,-0.02,1.0,0.873,0.732,1.0,0.734
24396,0.9996,0.0023,-0.0219,-0.02,1.0,0.831,0.707,1.0,0.711
24520,0.9996,0.002,-0.022,-0.0201,1.0,0.797,0.538,1.0,0.551
24645,0.9996,0.0007,-0.0223,-0.0201,1.0,0.441,0.295,1.0,0.359
24768,0.9996,0.0011,-0.0221,-0.0201,1.0,0.258,0.159,0.753,0.3
24896,0.9996,0.0018,-0.0217,-0.0201,1.0,0.064,0.102,0.466,0.104
25023,0.9996,0.0021,-0.0217,-0.0201,1.0,0.0,0.18,0.341,0.0
25146,0.9996,0.0018,-0.0218,-0.02,1.0,0.0,0.077,0.812,0.0
25274,0.9996,0.0022,-0.0217,-0.02,1.0,0.0,0.059,0.758,0.0
25397,0.9996,0.0026,-0.0216,-0.0201,1.0,0.0,0.0,0.029,0.0
25523,0.9996,0.0026,-0.0217,-0.0201,1.0,0.0,0.0,0.0,0.0
25647,0.9996,0.0028,-0.0216,-0.0201,1.0,0.0,0.0,0.0,0.0
25773,0.9996,0.0029,-0.0215,-0.0201,1.0,0.0,0.0,0.0,0.0
25897,0.9996,0.0032,-0.0214,-0.0202,1.0,0.0,0.0,0.0,0.0
26022,0.9996,0.0034,-0.0214,-0.0202,1.0,0.0,0.0,0.232,0.0
26144,0.9996,0.0029,-0.0217,-0.0202,1.0,0.352,0.0,1.0,0.155
26271,0.9996,0.0031,-0.0217,-0.0202,1.0,0.668,0.077,1.0,0.314
26396,0.9996,0.0027,-0.0218,-0.0202,1.0,0.805,0.275,1.0,0.667
26522,0.9996,0.0023,-0.022,-0.0202,1.0,0.867,0.613,1.0,0.711
26644,0.9996,0.0018,-0.0222,-0.0202,1.0,0.909,0.82,1.0,0.786
26770,0.9996,0.0016,-0.0222,-0.0202,1.0,0.926,0.782,1.0,0.797
26894,0.9996,0.0014,-0.0223,-0.0203,1.0,0.895,0.88,1.0,0.74
27018,0.9996,0.0015,-0.0222,-0.0202,1.0,0.867,0.654,1.0,0.687
27142,0.9996,0.0016,-0.0221,-0.0203,1.0,0.711,0.141,1.0,0.529
27269,0.9996,0.001,-0.0222,-0.0203,1.0,0.388,0.152,1.0,0.22
27393,0.9996,0.0012,-0.0221,-0.0203,1.0,0.041,0.0,0.487,0.015
27519,0.9996,0.0015,-0.022,-0.0203,1.0,0.0,0.0,0.01,0.0
27646,0.9996,0.0017,-0.022,-0.0203,1.0,0.0,0.0,0.07,0.0
27769,0.9996,0.0025,-0.0217,-0.0203,1.0,0.0,0.209,0.0,0.0
27897,0.9996,0.0034,-0.0214,-0.0203,1.0,0.0,0.0,0.0,0.0
28020,0.9996,0.0032,-0.0215,-0.0202,1.0,0.0,0.0,0.0,0.0
28147,0.9996,0.0032,-0.0215,-0.0202,1.0,0.0,0.0,0.0,0.0
28271,0.9996,0.0032,-0.0215,-0.0202,1.0,0.0,0.0,0.258,0.0
28399,0.9996,0.0027,-0.0218,-0.0203,1.0,0.014,0.309,0.549,0.336
28526,0.9996,0.0031,-0.0216,-0.0202,1.0,0.494,0.425,1.0,0.498
28649,0.9996,0.003,-0.0217,-0.0202,1.0,0.775,0.361,1.0,0.368
28776,0.9996,0.0019,-0.0219,-0.0203,1.0,0.826,0.47,1.0,0.515
28905,0.9996,0.0026,-0.0216,-0.0203,1.0,0.797,0.768,1.0,0.782
29029,0.9996,0.0015,-0.022,-0.0203,1.0,0.749,0.788,1.0,0.779
29154,0.9996,0.0007,-0.0222,-0.0203,1.0,0.737,0.823,1.0,0.783
29279,0.9996,0.0012,-0.022,-0.0203,1.0,0.836,0.759,1.0,0.715
29404,0.9996,0.0009,-0.0221,-0.0203,1.0,0.716,0.423,1.0,0.498
29527,0.9996,0.0015,-0.0218,-0.0203,1.0,0.478,0.145,1.0,0.201
29654,0.9996,0.0016,-0.0217,-0.0203,1.0,0.165,0.0,0.526,0.0
29777,0.9996,0.0016,-0.0217,-0.0203,1.0,0.0,0.0,0.052,0.0
29905,0.9996,0.002,-0.0216,-0.0203,1.0,0.0,0.0,0.0,0.0
30029,0.9996,0.0023,-0.0217,-0.0203,1.0,0.0,0.0,0.0,0.0
30153,0.9996,0.0025,-0.0217,-0.0203,1.0,0.0,0.0,0.0,0.0
30275,0.9996,0.0025,-0.0217,-0.0203,1.0,0.0,0.0,0.0,0.0
30404,0.9996,0.0024,-0.0218,-0.0203,1.0,0.0,0.0,0.0,0.0
30527,0.9996,0.0026,-0.0217,-0.0203,1.0,0.0,0.0,0.0,0.0
30653,0.9996,0.0025,-0.0219,-0.0203,1.0,0.0,0.0,0.0,0.0
30777,0.9996,0.0025,-0.0219,-0.0203,1.0,0.0,0.0,0.052,0.0
30902,0.9996,0.0026,-0.022,-0.0203,1.0,0.0,0.0,0.0,0.0
31025,0.9996,0.0026,-0.022,-0.0203,1.0,0.0,0.0,0.0,0.0
31153,0.9996,0.0025,-0.022,-0.0203,1.0,0.0,0.0,0.0,0.0
31276,0.9996,0.0024,-0.022,-0.0203,1.0,0.0,0.0,0.057,0.0
31401,0.9996,0.0024,-0.022,-0.0203,1.0,0.0,0.0,0.06,0.0
31525,0.9996,0.0024,-0.0221,-0.0203,1.0,0.095,0.034,0.401,0.006
31649,0.9996,0.0024,-0.0221,-0.0203,1.0,0.419,0.22,0.924,0.328
31774,0.9996,0.0024,-0.0221,-0.0203,1.0,0.725,0.452,1.0,0.458
31899,0.9996,0.0024,-0.0221,-0.0203,1.0,0.825,0.454,1.0,0.505
32022,0.9996,0.0024,-0.022,-0.0203,1.0,0.912,0.698,1.0,0.672
32149,0.9996,0.0024,-0.022,-0.0203,1.0,0.878,0.795,0.839,0.724
32272,0.9996,0.0023,-0.022,-0.0203,1.0,0.825,0.686,1.0,0.762
32400,0.9996,0.0021,-0.0219,-0.0203,1.0,0.836,0.673,1.0,0.746
32524,0.9996,0.002,-0.0219,-0.0203,1.0,0.843,0.655,1.0,0.706
32648,0.9996,0.0018,-0.0219,-0.0203,1.0,0.838,0.659,1.0,0.652
32773,0.9996,0.0018,-0.0219,-0.0203,1.0,0.758,0.589,1.0,0.608
32897,0.9996,0.0019,-0.0217,-0.0203,1.0,0.755,0.82,1.0,0.59
33021,0.9996,0.0018,-0.0217,-0.0203,1.0,0.703,0.418,1.0,0.506
33146,0.9996,0.0021,-0.0216,-0.0203,1.0,0.44,0.266,0.927,0.368
33270,0.9996,0.0024,-0.0215,-0.0202,1.0,0.242,0.259,0.513,0.218
33396,0.9996,0.0026,-0.0215,-0.0202,1.0,0.036,0.0,0.419,0.065
33519,0.9996,0.0025,-0.0216,-0.0203,1.0,0.0,0.0,0.065,0.0
33642,0.9996,0.0024,-0.0217,-0.0202,1.0,0.0,0.0,0.0,0.0
33766,0.9996,0.0027,-0.0216,-0.0202,1.0,0.0,0.0,0.0,0.0
33888,0.9996,0.0029,-0.0215,-0.0202,1.0,0.0,0.0,0.0,0.0
34016,0.9996,0.003,-0.0216,-0.0202,1.0,0.0,0.0,0.0,0.0
34141,0.9996,0.0026,-0.0217,-0.0203,1.0,0.0,0.0,0.0,0.0
34267,0.9996,0.0023,-0.0218,-0.0203,1.0,0.0,0.0,0.0,0.0
34389,0.9996,0.0024,-0.0218,-0.0203,1.0,0.0,0.0,0.0,0.0
34513,0.9996,0.0027,-0.0217,-0.0203,1.0,0.0,0.0,0.0,0.0
34635,0.9996,0.0024,-0.0218,-0.0203,1.0,0.245,0.425,0.549,0.548
34762,0.9996,0.0025,-0.0217,-0.0202,1.0,0.58,0.457,1.0,0.61
34886,0.9996,0.0023,-0.0218,-0.0202,1.0,0.8,0.363,1.0,0.433
35015,0.9996,0.0021,-0.0219,-0.0202,1.0,0.821,0.637,1.0,0.635
35138,0.9996,0.0021,-0.0219,-0.0201,1.0,0.763,0.641,1.0,0.765
35263,0.9996,0.0019,-0.0219,-0.0201,1.0,0.759,0.782,1.0,0.709
35388,0.9996,0.0016,-0.022,-0.0201,1.0,0.763,0.659,1.0,0.712
35512,0.9996,0.0016,-0.022,-0.0201,1.0,0.746,0.45,1.0,0.554
35636,0.9996,0.0015,-0.0219,-0.0201,1.0,0.014,0.33,0.935,0.234
35761,0.9996,0.0016,-0.0219,-0.02,1.0,0.164,0.182,0.43,0.334
35886,0.9996,0.0018,-0.0218,-0.02,1.0,0.0,0.0,0.062,0.0
36012,0.9996,0.002,-0.0217,-0.02,1.0,0.0,0.0,0.0,0.0
36136,0.9996,0.0023,-0.0216,-0.02,1.0,0.0,0.0,0.0,0.0
36261,0.9996,0.0024,-0.0215,-0.02,1.0,0.0,0.0,0.0,0.0
36384,0.9996,0.0025,-0.0216,-0.02,1.0,0.0,0.0,0.0,0.0
36512,0.9996,0.0023,-0.0217,-0.02,1.0,0.0,0.22,0.435,0.33
36636,0.9996,0.0023,-0.0218,-0.0201,1.0,0.388,0.395,1.0,0.58
36761,0.9996,0.0018,-0.022,-0.02,1.0,0.667,0.295,1.0,0.567
36888,0.9996,0.002,-0.0219,-0.02,1.0,0.794,0.614,1.0,0.715
37012,0.9996,0.002,-0.0219,-0.02,1.0,0.739,0.648,1.0,0.76
37134,0.9996,0.002,-0.0219,-0.02,1.0,0.685,0.625,1.0,0.78
37260,0.9996,0.002,-0.0219,-0.02,1.0,0.735,0.516,1.0,0.621
37383,0.9996,0.0019,-0.0219,-0.02,1.0,0.44,0.336,1.0,0.489
37512,0.9996,0.0019,-0.0219,-0.02,1.0,0.126,0.191,0.549,0.232
37639,0.9996,0.002,-0.022,-0.02,1.0,0.0,0.0,0.008,0.0
37763,0.9996,0.002,-0.022,-0.02,1.0,0.0,0.0,0.0,0.036
37887,0.9996,0.002,-0.022,-0.02,1.0,0.0,0.0,0.0,0.0
38011,0.9996,0.0021,-0.022,-0.02,1.0,0.0,0.0,0.0,0.0
38137,0.9996,0.0022,-0.022,-0.02,1.0,0.0,0.0,0.0,0.0
38260,0.9996,0.0022,-0.022,-0.0201,1.0,0.0,0.0,0.0,0.0
38387,0.9996,0.0023,-0.022,-0.02,1.0,0.0,0.03,0.187,0.0
38511,0.9996,0.0022,-0.0219,-0.0201,1.0,0.255,0.034,0.594,0.005
38636,0.9996,0.0023,-0.0219,-0.02,1.0,0.349,0.102,0.799,0.028
38760,0.9996,0.0025,-0.0218,-0.02,1.0,0.436,0.059,0.979,0.0
38885,0.9996,0.0024,-0.0218,-0.02,1.0,0.704,0.095,1.0,0.152
39008,0.9996,0.0018,-0.022,-0.02,1.0,0.819,0.507,1.0,0.492
39135,0.9996,0.0013,-0.0222,-0.02,1.0,0.91,0.723,1.0,0.731
39259,0.9996,0.0011,-0.0222,-0.0201,1.0,0.937,0.738,1.0,0.698
39385,0.9996,0.0012,-0.022,-0.0201,1.0,1.0,0.73,1.0,0.653
39509,0.9996,0.0013,-0.0221,-0.0201,1.0,0.929,0.555,1.0,0.635
39634,0.9996,0.0012,-0.0222,-0.02,1.0,0.92,0.666,1.0,0.65
39758,0.9996,0.0012,-0.0221,-0.02,1.0,0.887,0.677,1.0,0.613
39883,0.9996,0.0012,-0.0221,-0.02,1.0,0.831,0.5,1.0,0.543
40007,0.9996,0.0012,-0.022,-0.02,1.0,0.549,0.245,1.0,0.334
40134,0.9996,0.0013,-0.022,-0.02,1.0,0.192,0.112,0.747,0.067
40258,0.9996,0.0018,-0.0218,-0.02,1.0,0.0,0.0,0.096,0.0
40382,0.9996,0.002,-0.0217,-0.02,1.0,0.0,0.0,0.042,0.0
40506,0.9996,0.0021,-0.0218,-0.02,1.0,0.0,0.0,0.013,0.0
40634,0.9996,0.0023,-0.0217,-0.0199,1.0,0.0,0.0,0.0,0.0
40763,0.9996,0.0021,-0.0217,-0.0199,1.0,0.0,0.0,0.005,0.0
40887,0.9996,0.0021,-0.0217,-0.0199,1.0,0.0,0.0,0.122,0.0
41012,0.9996,0.0023,-0.0218,-0.0198,1.0,0.0,0.0,0.18,0.0
41136,0.9996,0.0023,-0.0219,-0.0198,1.0,0.0,0.0,0.154,0.0
41262,0.9996,0.0023,-0.0219,-0.0198,1.0,0.0,0.0,0.263,0.0
41390,0.9996,0.0023,-0.0219,-0.0198,1.0,0.0,0.0,0.219,0.0
41513,0.9996,0.0023,-0.0219,-0.0198,1.0,0.0,0.0,0.224,0.0
41641,0.9996,0.0022,-0.0218,-0.0198,1.0,0.0,0.0,0.161,0.0
41764,0.9996,0.0022,-0.0218,-0.0198,1.0,0.085,0.0,0.466,0.0
41889,0.9996,0.0023,-0.0218,-0.0198,1.0,0.444,0.18,0.802,0.159
42014,0.9996,0.0023,-0.0218,-0.0198,1.0,0.702,0.259,1.0,0.266
42141,0.9996,0.0023,-0.0218,-0.0198,1.0,0.574,0.425,1.0,0.461
42264,0.9996,0.0023,-0.0218,-0.0198,1.0,0.863,0.655,1.0,0.63
42389,0.9996,0.0015,-0.022,-0.0199,1.0,0.913,0.723,1.0,0.663
42514,0.9996,0.0018,-0.0218,-0.0198,1.0,0.894,0.687,1.0,0.628
42640,0.9996,0.0019,-0.0217,-0.0198,1.0,0.84,0.645,1.0,0.543
42763,0.9996,0.0018,-0.0217,-0.0198,1.0,0.803,0.552,1.0,0.464
42888,0.9996,0.0022,-0.0215,-0.0199,1.0,0.591,0.246,1.0,0.334
43012,0.9996,0.0025,-0.0214,-0.0199,1.0,0.171,0.15,0.742,0.135
43136,0.9996,0.0025,-0.0214,-0.0198,1.0,0.238,0.132,0.508,0.0
43259,0.9996,0.0023,-0.0214,-0.0198,1.0,0.196,0.023,0.628,0.0
43386,0.9996,0.0023,-0.0214,-0.0198,1.0,0.099,0.0,0.497,0.0
43511,0.9996,0.0023,-0.0215,-0.0198,1.0,0.042,0.0,0.362,0.0
43635,0.9996,0.0025,-0.0215,-0.0198,1.0,0.08,0.0,0.487,0.0
43757,0.9996,0.0026,-0.0215,-0.0198,1.0,0.074,0.0,0.445,0.0
43885,0.9996,0.0023,-0.0216,-0.0198,1.0,0.424,0.0,0.888,0.0
44010,0.9996,0.0022,-0.0217,-0.0198,1.0,0.62,0.379,1.0,0.384
44137,0.9996,0.0018,-0.0219,-0.0198,1.0,0.86,0.679,1.0,0.709
44264,0.9996,0.0007,-0.0224,-0.0199,1.0,0.817,0.736,1.0,0.774
44389,0.9996,0.0013,-0.0221,-0.0198,1.0,0.746,0.714,1.0,0.684
44516,0.9996,0.0018,-0.0219,-0.0198,1.0,0.772,0.57,1.0,0.56
44643,0.9996,0.002,-0.0219,-0.0198,1.0,0.612,0.363,1.0,0.409
44767,0.9996,0.0018,-0.0219,-0.0198,1.0,0.199,0.004,0.628,0.0
44895,0.9996,0.0024,-0.0216,-0.0197,1.0,0.0,0.0,0.06,0.0
45019,0.9996,0.0029,-0.0215,-0.0197,1.0,0.0,0.0,0.0,0.0
45144,0.9996,0.0027,-0.0216,-0.0197,1.0,0.0,0.0,0.0,0.0
45268,0.9996,0.0027,-0.0216,-0.0197,1.0,0.074,0.0,0.711,0.0
45395,0.9996,0.0025,-0.0218,-0.0197,1.0,0.62,0.53,1.0,0.217
45518,0.9996,0.0025,-0.0217,-0.0197,1.0,0.8,0.446,1.0,0.409
45642,0.9996,0.0019,-0.022,-0.0197,1.0,0.798,0.637,1.0,0.731
45765,0.9996,0.0012,-0.0221,-0.0197,1.0,0.738,0.687,1.0,0.653
45893,0.9996,0.0009,-0.0222,-0.0197,1.0,0.749,0.762,1.0,0.56
46017,0.9996,0.0015,-0.022,-0.0197,1.0,0.492,0.27,1.0,0.269
46144,0.9996,0.0016,-0.0219,-0.0197,1.0,0.234,0.084,0.648,0.003
46272,0.9996,0.002,-0.0217,-0.0197,1.0,0.055,0.0,0.305,0.0
46396,0.9996,0.0023,-0.0215,-0.0197,1.0,0.0,0.0,0.214,0.0
46521,0.9996,0.0022,-0.0215,-0.0197,1.0,0.0,0.0,0.193,0.0
46646,0.9996,0.0024,-0.0214,-0.0197,1.0,0.0,0.0,0.0,0.0
46770,0.9996,0.0024,-0.0214,-0.0197,1.0,0.0,0.0,0.0,0.0
46894,0.9996,0.0031,-0.0212,-0.0197,1.0,0.0,0.0,0.0,0.0
47021,0.9996,0.0045,-0.021,-0.0197,1.0,0.0,0.0,0.0,0.0
47144,0.9996,0.0052,-0.0209,-0.0197,1.0,0.0,0.0,0.0,0.0
47271,0.9996,0.0048,-0.0211,-0.0197,1.0,0.0,0.0,0.0,0.0
47394,0.9996,0.0034,-0.0214,-0.0198,1.0,0.0,0.0,0.0,0.0
47518,0.9996,0.0021,-0.0219,-0.0198,1.0,0.2,0.162,0.628,0.254
47643,0.9996,0.0019,-0.0219,-0.0198,1.0,0.396,0.559,1.0,0.628
47768,0.9996,0.0022,-0.0219,-0.0198,1.0,0.653,0.504,1.0,0.611
47890,0.9996,0.0021,-0.0219,-0.0198,1.0,0.828,0.484,1.0,0.523
48018,0.9996,0.0023,-0.0217,-0.0198,1.0,0.92,0.598,1.0,0.752
48141,0.9996,0.0021,-0.0218,-0.0197,1.0,0.871,0.823,1.0,0.789
48266,0.9996,0.0012,-0.0221,-0.0198,1.0,0.803,0.802,1.0,0.776
48390,0.9996,-0.0004,-0.0226,-0.0198,1.0,0.878,0.823,1.0,0.932
48518,0.9996,-0.001,-0.0228,-0.0198,1.0,0.819,0.795,1.0,0.765
48647,0.9996,-0.0007,-0.0227,-0.0198,1.0,0.892,0.791,1.0,0.746
48771,0.9996,-0.0007,-0.0226,-0.0197,1.0,0.815,0.766,1.0,0.732
48896,0.9996,-0.001,-0.0227,-0.0198,1.0,0.887,0.837,1.0,0.737
49020,0.9996,-0.0014,-0.0227,-0.0198,1.0,0.866,0.738,1.0,0.621
49147,0.9996,-0.0015,-0.0226,-0.0198,1.0,0.836,0.759,1.0,0.754
49271,0.9996,-0.0015,-0.0227,-0.0198,1.0,0.863,0.78,1.0,0.749
49395,0.9996,-0.0014,-0.0227,-0.0198,1.0,0.839,0.734,1.0,0.749
49518,0.9996,-0.001,-0.0225,-0.0198,1.0,0.875,0.754,1.0,0.762
49646,0.9996,-0.0009,-0.0223,-0.0198,1.0,0.88,0.757,1.0,0.731
49769,0.9996,-0.0003,-0.022,-0.0198,1.0,0.972,0.518,1.0,0.721
49896,0.9996,0.0013,-0.0215,-0.0199,1.0,0.804,0.85,1.0,0.687
50018,0.9996,0.0019,-0.0213,-0.0198,1.0,0.843,0.736,1.0,0.697
50146,0.9996,0.0015,-0.0214,-0.0198,1.0,0.898,0.67,1.0,0.765
50273,0.9996,0.0016,-0.0214,-0.0198,1.0,0.875,0.732,1.0,0.737
50396,0.9996,0.0016,-0.0215,-0.0198,1.0,0.888,0.757,1.0,0.711
50524,0.9996,0.0015,-0.0215,-0.0198,1.0,0.917,0.723,1.0,0.661
50647,0.9996,0.0015,-0.0214,-0.0198,1.0,0.843,0.541,1.0,0.622
50773,0.9996,0.0015,-0.0215,-0.0198,1.0,0.779,0.211,1.0,0.331
50897,0.9996,0.0013,-0.0217,-0.0198,1.0,0.604,0.0,1.0,0.0
51021,0.9996,0.0015,-0.0217,-0.0198,1.0,0.444,0.0,1.0,0.0
51144,0.9996,0.0015,-0.0217,-0.0198,1.0,0.146,0.0,0.581,0.0
51267,0.9996,0.0016,-0.0215,-0.0198,1.0,0.0,0.0,0.138,0.0
51392,0.9996,0.0016,-0.0217,-0.0197,1.0,0.0,0.0,0.0,0.0
51516,0.9996,0.0016,-0.0217,-0.0197,1.0,0.0,0.0,0.0,0.0
51641,0.9996,0.002,-0.0215,-0.0198,1.0,0.0,0.0,0.0,0.0
51762,0.9996,0.0023,-0.0215,-0.0197,1.0,0.0,0.0,0.333,0.0
51889,0.9996,0.0018,-0.0218,-0.0198,1.0,0.2,0.08,0.763,0.0
52013,0.9996,0.0017,-0.0219,-0.0198,1.0,0.534,0.323,1.0,0.382
52141,0.9996,0.0023,-0.0217,-0.0197,1.0,0.707,0.259,1.0,0.367
52264,0.9996,0.0021,-0.0216,-0.0197,1.0,0.847,0.395,1.0,0.475
52391,0.9996,0.0018,-0.0217,-0.0197,1.0,0.822,1.0,1.0,0.533
52517,0.9996,0.0022,-0.0216,-0.0197,1.0,0.912,0.707,1.0,0.703
52642,0.9996,0.002,-0.0217,-0.0197,1.0,0.929,0.627,1.0,0.737
52764,0.9996,0.0014,-0.0219,-0.0197,1.0,0.926,0.652,1.0,0.723
52889,0.9996,0.0014,-0.0219,-0.0197,1.0,0.957,0.68,1.0,0.661
53013,0.9996,0.0009,-0.0219,-0.0197,1.0,0.959,0.687,1.0,0.661
53138,0.9996,0.0013,-0.0218,-0.0197,1.0,0.861,0.541,1.0,0.697
53267,0.9996,0.0013,-0.0217,-0.0197,1.0,1.0,0.671,1.0,0.649
53388,0.9996,0.0013,-0.0216,-0.0197,1.0,0.938,0.359,1.0,0.641
53512,0.9996,0.0014,-0.0216,-0.0197,1.0,0.917,0.659,1.0,0.63
53637,0.9996,0.0014,-0.0217,-0.0197,1.0,0.98,0.707,1.0,0.625
53760,0.9996,0.0015,-0.0217,-0.0197,1.0,0.892,0.621,1.0,0.701
53887,0.9996,0.0015,-0.0217,-0.0197,1.0,0.801,0.452,1.0,0.503
54011,0.9996,0.0015,-0.0217,-0.0197,1.0,0.424,0.223,1.0,0.283
54136,0.9996,0.0015,-0.0217,-0.0197,1.0,0.293,0.132,0.878,0.088
54260,0.9996,0.0015,-0.0217,-0.0197,1.0,0.244,0.048,0.664,0.08
54384,0.9996,0.0016,-0.0217,-0.0197,1.0,0.146,0.0,0.482,0.0
54508,0.9996,0.0016,-0.0217,-0.0197,1.0,0.021,0.0,0.18,0.0
54635,0.9996,0.0018,-0.0217,-0.0197,1.0,0.0,0.0,0.062,0.0
54759,0.9996,0.0018,-0.0217,-0.0197,1.0,0.0,0.0,0.0,0.0
54886,0.9996,0.002,-0.0217,-0.0197,1.0,0.0,0.0,0.0,0.0
55014,0.9996,0.0015,-0.0219,-0.0197,1.0,0.0,0.0,0.0,0.0
55137,0.9996,0.0018,-0.0219,-0.0197,1.0,0.0,0.0,0.0,0.0
55264,0.9996,0.0021,-0.0219,-0.0197,1.0,0.0,0.0,0.0,0.0
55387,0.9996,0.0023,-0.0218,-0.0197,1.0,0.0,0.0,0.0,0.0
55513,0.9996,0.0021,-0.0219,-0.0197,1.0,0.0,0.0,0.0,0.0
55637,0.9996,0.0021,-0.0218,-0.0197,1.0,0.0,0.0,0.0,0.0
55765,0.9996,0.0021,-0.0219,-0.0197,1.0,0.0,0.0,0.0,0.0
